{
  "step": 4000,
  "checkpoint": "experiments/pi_nerf_cpu_dev/best_checkpoint.pth",
  "n_views": 10,
  "mean_psnr": 23.577993191333405,
  "mean_ssim": 0.9287809371948242,
  "psnr_per_view": [
    24.171510456259632,
    23.427904390775858,
    24.31799095670684,
    24.059722796649314,
    23.3950696499955,
    23.008794479364944,
    24.301953346534905,
    22.9470167431862,
    23.099546673139322,
    23.050422420721546
  ],
  "ssim_per_view": [
    0.9297899603843689,
    0.9287299513816833,
    0.9327675700187683,
    0.9292771816253662,
    0.930479109287262,
    0.9267385601997375,
    0.9323732256889343,
    0.9242753386497498,
    0.9258613586425781,
    0.9275171160697937
  ]
}